symbol,gics_sector,high,low,volume,total_equity,total_liabilities,estimated_shares_outstanding,earnings_before_interest_and_tax,fixed_assets
MMM,Industrials,157.404721972,155.3043655,2467750.0,11429000000.0,21454000000.0,626036269.43,6972000000.0,8515000000.0
ABT,Health Care,46.6756745913,45.915158631,5826679.7619,21211000000.0,20036000000.0,1504421768.71,3346000000.0,5732000000.0
ABBV,Health Care,62.863333369,61.3607144246,10472175.3968,3945000000.0,49105000000.0,1633015873.02,7331000000.0,2565000000.0
ATVI,Information Technology,27.9174603095,27.2476983333,7645236.50794,8068000000.0,7183000000.0,737190082.645,1319000000.0,189000000.0
AYI,Industrials,188.08932546,184.173095401,413873.412698,1360000000.0,1047000000.0,43294346.9786,375100000.0,174600000.0
ADBE,Information Technology,81.6965078571,80.1030553294,2795901.98413,7001580000.0,4724892000.0,499643650.794,937965000.0,787421000.0
AAP,Consumer Discretionary,165.379563579,161.882697889,1058796.42857,2002912000.0,5959446000.0,73159259.2593,854802000.0,1432030000.0
AMG,Financials,202.292023845,198.304960583,427317.460317,2837100000.0,4947700000.0,54373024.236,1139200000.0,114100000.0
AFL,Financials,62.2004761429,61.3096031389,2143214.28571,17708000000.0,1.00588e+11,430782312.925,4151000000.0,427000000.0
APD,Materials,143.743051611,141.326861361,1296403.1746,7249000000.0,10085500000.0,214773109.244,1846200000.0,10095300000.0
AKAM,Information Technology,69.1243653254,67.7310317659,1777031.34921,3120878000.0,1067047000.0,178558888.889,475149000.0,753180000.0
ALK,Industrials,72.2466666032,70.2926586905,1379175.39683,2411000000.0,4122000000.0,128290468.986,1320000000.0,4802000000.0
ALB,Materials,54.2875795159,52.9317856786,1451224.60317,3254392000.0,6360622000.0,111264451.827,490909000.0,2484738000.0
ALXN,Health Care,180.229246123,174.629484333,1657213.49206,8259000000.0,4838000000.0,211764705.882,546000000.0,697000000.0
ALLE,Industrials,61.4263095794,60.3123015794,654294.84127,25600000.0,2237400000.0,96187500.0,262200000.0,224800000.0
ADS,Information Technology,287.631547381,282.186268889,428673.412698,2010030000.0,20411800000.0,66951851.8519,1261860000.0,576706000.0
LNT,Utilities,61.6201983333,60.6192459881,1288472.22222,3924100000.0,8571100000.0,115595238.095,648400000.0,9519100000.0
ALL,Financials,66.366865119,65.438174623,2702888.88889,20025000000.0,84631000000.0,424023437.5,3574000000.0,1024000000.0
MO,Consumer Staples,54.2500795794,53.4268650516,6708654.36508,2880000000.0,29655000000.0,1962921348.31,8895000000.0,1982000000.0
AMZN,Consumer Discretionary,483.196230552,472.882143337,3797368.25397,13384000000.0,51363000000.0,465625000.0,2027000000.0,21838000000.0
AEE,Utilities,42.1857540278,41.4513887778,1666211.50794,6946000000.0,16694000000.0,244615384.615,1303000000.0,18799000000.0
AAL,Industrials,45.8357143929,44.4477778373,11553548.4127,5635000000.0,42780000000.0,668129938.543,5496000000.0,27510000000.0
AIG,Financials,59.2018650238,58.2643255595,8303213.49206,89658000000.0,4.07285e+11,1299408284.02,4562000000.0,0.0
AMT,Real Estate,96.614246127,95.0919841508,2374844.04762,6651679000.0,20252593000.0,482446478.873,1425911000.0,9866424000.0
AWK,Utilities,54.6492063056,53.775833369,880331.349206,5049000000.0,12180000000.0,178947368.421,782000000.0,13933000000.0
AMP,Financials,123.218690536,120.953372901,1200094.04762,7217000000.0,1.38125e+11,181627906.977,2559000000.0,0.0
ABC,Health Care,104.990158552,103.173293671,2046956.34921,616386000.0,27346596000.0,222846774.194,378000000.0,1192510000.0
AME,Industrials,53.8000396627,52.9695635952,1246746.8254,3254626000.0,3409904000.0,240186585.366,898175000.0,484548000.0
AMGN,Health Care,160.016984393,156.135635044,3544078.96825,28083000000.0,43366000000.0,758360655.738,9073000000.0,4907000000.0
APH,Information Technology,55.568293746,54.6615475794,1137811.11111,3238500000.0,4219900000.0,309109311.741,1121100000.0,609500000.0
APC,Energy,76.2072222857,73.9618650119,4996376.98413,12819000000.0,33512000000.0,507738998.483,-8864000000.0,33751000000.0
ADI,Information Technology,60.3189286151,58.9896825635,2520509.52381,5072959000.0,1985818000.0,2247993548.39,837144000.0,644110000.0
ANTM,Health Care,149.092142893,145.939840702,1979690.47619,23044100000.0,38673700000.0,263103802.672,5284000000.0,2019800000.0
AON,Financials,97.4076985635,95.9209526032,1220937.30159,6106000000.0,21058000000.0,280933062.88,1962000000.0,765000000.0
APA,Energy,55.2940078889,53.4545635873,4467829.36508,2566000000.0,16276000000.0,384444444.444,-27927000000.0,14119000000.0
AIV,Real Estate,38.724285746,38.0307937143,1253859.92063,1622391000.0,4521803000.0,163625000.0,263551000.0,5529461000.0
AAPL,Information Technology,121.244523857,118.863095433,51837886.9048,1.19355e+11,1.7099e+11,5753663793.1,72515000000.0,22471000000.0
AMAT,Information Technology,19.8240872698,19.362698381,17103548.8095,7613000000.0,7695000000.0,1218584070.8,1701000000.0,892000000.0
ADM,Consumer Staples,46.3426189563,45.4898411032,3958955.95238,17899000000.0,22242000000.0,618394648.829,2592000000.0,9853000000.0
ARNC,Industrials,11.8438187024,11.5206042024,11378836.1111,12046000000.0,24482000000.0,1038709677.42,746000000.0,14815000000.0
AJG,Financials,46.0601190238,45.4425794762,1001555.15873,3638300000.0,7272200000.0,172367149.758,396500000.0,249000000.0
AIZ,Financials,71.9263887857,70.7423809048,609889.285714,4523967000.0,25512435000.0,68055288.4615,256297000.0,298414000.0
T,Telecommunications Services,34.0220634087,33.5831745595,28282644.8413,1.22671e+11,2.80001e+11,5630801687.76,24812000000.0,1.2445e+11
ADSK,Information Technology,56.7130554206,55.4823411627,2627392.85714,2219200000.0,2690500000.0,227222222.222,120700000.0,159200000.0
AN,Consumer Discretionary,62.4642858452,61.2694841389,839317.460317,2349300000.0,7198900000.0,112620865.14,871900000.0,2667400000.0
AZO,Consumer Discretionary,702.557339373,690.94694473,266330.952381,-1701390000.0,9803739000.0,31562595.2122,1953051000.0,3505632000.0
AVB,Real Estate,173.506190651,170.427777873,758216.666667,9840526000.0,7090779000.0,133886823.105,919209000.0,15942309000.0
AVY,Materials,59.1881348849,58.1617460873,786946.031746,1047700000.0,3309200000.0,92490566.0377,424100000.0,875300000.0
BHI,Energy,58.9295237421,57.3474206905,3824860.71429,16298000000.0,7782000000.0,438084632.517,-2396000000.0,6693000000.0
BLL,Materials,69.9617064563,68.6360317817,1111763.49206,1251300000.0,8525700000.0,137024390.244,488700000.0,2685900000.0
BCR,Health Care,181.447301389,178.173055921,550353.174603,1455300000.0,3388700000.0,75222222.2222,394300000.0,472400000.0
BAX,Health Care,53.4141261548,52.5585311508,7540757.93651,8846000000.0,12129000000.0,543820224.719,554000000.0,4386000000.0
BBT,Financials,38.6749602897,38.0368254246,4180455.55556,27306000000.0,1.82641e+11,804633204.633,3419000000.0,2007000000.0
BDX,Health Care,144.964047135,142.83059523,1109679.36508,7164000000.0,19314000000.0,202623906.706,1110000000.0,4060000000.0
BBBY,Consumer Discretionary,67.222063504,65.9590078452,2272898.80952,2743190000.0,4015803000.0,186642105.263,1554293000.0,1676700000.0
BBY,Consumer Discretionary,35.6530157976,34.8237698333,4966451.98413,4995000000.0,10250000000.0,349291784.703,1477000000.0,2462000000.0
BIIB,Health Care,357.642420948,348.038292687,2188992.46032,9372800000.0,10132000000.0,230624187.256,4767300000.0,2187600000.0
HRB,Financials,33.8923015675,33.2566269841,2832804.36508,1832949000.0,2682471000.0,275385465.116,788051000.0,311387000.0
BA,Industrials,144.62738071,142.247658556,3914040.47619,6335000000.0,88073000000.0,688297872.34,7430000000.0,12076000000.0
BWA,Consumer Discretionary,52.505833373,51.3955555516,2021571.03175,3553700000.0,5272000000.0,224154411.765,947200000.0,2448100000.0
BXP,Real Estate,129.801270337,127.509245738,800411.904762,5709435000.0,12670021000.0,153853825.858,1231384000.0,15555641000.0
BSX,Health Care,17.3541270079,16.9913095238,10141388.0952,6320000000.0,11813000000.0,1327777777.78,-366000000.0,1490000000.0
BMY,Health Care,65.1842857897,63.8449205635,6564263.09524,14266000000.0,17482000000.0,1664893617.02,2077000000.0,4412000000.0
CHRW,Industrials,68.9487299802,67.684523877,1707911.90476,1150450000.0,2033908000.0,144800852.273,858310000.0,190874000.0
COG,Energy,27.2242856627,26.3930952222,6317487.30159,2009188000.0,3252711000.0,406753571.429,-90362000.0,4976879000.0
CPB,Consumer Staples,48.6633333254,47.9315078571,1591064.68254,1381000000.0,6696000000.0,301357466.063,1057000000.0,2347000000.0
COF,Financials,80.5021032183,79.2121032659,2882677.38095,47284000000.0,2.86764e+11,566433566.434,6415000000.0,3584000000.0
CAH,Health Care,86.4216664921,84.9398015476,2149810.71429,6256000000.0,23886000000.0,331967213.115,2108000000.0,1506000000.0
KMX,Consumer Discretionary,64.6484525675,63.3736904841,1805313.49206,3156785000.0,10041416000.0,215652707.581,993804000.0,1862538000.0
CCL,Consumer Discretionary,49.2040477857,48.3295635437,4034443.65079,23771000000.0,15466000000.0,777433628.319,2016000000.0,31818000000.0
CAT,Industrials,79.5017063968,77.9825000794,6237325.0,14809000000.0,63533000000.0,709604519.774,3946000000.0,16090000000.0
CBG,Real Estate,36.114126877,35.4594444087,1903152.38095,2712652000.0,8305291000.0,333617073.171,998610000.0,529823000.0
CELG,Health Care,120.008373028,116.678333333,5137496.8254,5919000000.0,21045400000.0,793069306.931,2334100000.0,814100000.0
CNC,Health Care,72.8257143452,70.7892858889,1583668.65079,2157000000.0,5182000000.0,118729096.99,740000000.0,518000000.0
CNP,Utilities,19.7908729683,19.41234125,4103943.25397,3461000000.0,17873000000.0,429813664.596,-673000000.0,11537000000.0
CTL,Telecommunications Services,31.7275794127,31.1080555437,4862315.87302,14060000000.0,33544000000.0,555696202.532,2628000000.0,18069000000.0
CERN,Health Care,67.1146031944,65.7810713532,2057569.44444,3565968000.0,964597000.0,341190259.74,774174000.0,924260000.0
CF,Materials,167.790039532,163.936944353,2999866.66667,4035200000.0,8703700000.0,223872053.872,1190800000.0,8539000000.0
SCHW,Financials,31.4282936587,30.7329761825,8252449.20635,13402000000.0,1.70316e+11,1391346153.85,2411000000.0,1145000000.0
CHTR,Consumer Discretionary,182.529563464,178.03504002,1426337.69841,-46000000.0,39362000000.0,111522633.745,975000000.0,8345000000.0
CHK,Energy,11.8263888889,11.2718650556,21266687.3016,2138000000.0,14960000000.0,654703522.069,-18781000000.0,14298000000.0
CVX,Energy,97.306547631,95.3929364484,9250846.03175,1.52716e+11,1.13387e+11,1864634146.34,4842000000.0,1.89845e+11
CMG,Consumer Discretionary,665.51976181,652.848850329,699667.857143,2127974000.0,597092000.0,31085098.0392,769867000.0,1217220000.0
CB,Financials,110.193254087,108.627142913,1895260.71429,29135000000.0,73231000000.0,325373134.328,3596000000.0,0.0
CHD,Consumer Staples,85.1870637183,84.0671035476,1508174.60317,2023200000.0,2233700000.0,131118210.863,665900000.0,609600000.0
CI,Health Care,135.855754139,132.889523579,2008842.85714,12035000000.0,45053000000.0,256303549.572,3327000000.0,1534000000.0
XEC,Energy,112.966746266,109.180476044,1290144.04762,2797678000.0,2445608000.0,92937808.642,-3727227000.0,3506155000.0
CINF,Financials,54.5884523452,53.8398809802,604422.619048,6427000000.0,12461000000.0,163824289.406,934000000.0,185000000.0
CTAS,Industrials,86.1836904762,84.8782144683,635495.634921,1932455000.0,2260005000.0,117015760.87,718485000.0,871421000.0
CSCO,Information Technology,28.0988889206,27.6098412381,27092257.9365,59698000000.0,53675000000.0,5102840909.09,11767000000.0,3332000000.0
C,Financials,53.7451984206,52.8009921627,18428320.6349,2.21857e+11,1.509353e+12,3187060998.15,36747000000.0,0.0
CFG,Financials,25.7073412778,25.1515516548,4923288.88889,19646000000.0,1.18562e+11,541935483.871,1478000000.0,595000000.0
CTXS,Information Technology,70.1225793373,68.5839287421,1847670.63492,1973446000.0,3494071000.0,158886069.652,356030000.0,373817000.0
CME,Financials,94.5908730595,92.9158730159,1526619.84127,20551800000.0,46819700000.0,336118598.383,2074200000.0,491700000.0
CMS,Utilities,34.8998809365,34.2904366032,2709418.65079,3938000000.0,16324000000.0,282631578.947,1196000000.0,14705000000.0
KO,Consumer Staples,41.4975001746,40.984603127,14370297.2222,25554000000.0,64539000000.0,4349704142.01,10461000000.0,12571000000.0
CTSH,Information Technology,62.8671033532,61.6568253571,3505169.44444,9278100000.0,3787300000.0,608089887.64,2181300000.0,1271400000.0
CL,Consumer Staples,67.5893653095,66.705357131,3244887.69841,-299000000.0,12257000000.0,904575163.399,2763000000.0,3796000000.0
CMA,Financials,46.1317459603,45.1178174841,2125787.30159,7560000000.0,64317000000.0,177815699.659,802000000.0,550000000.0
CAG,Consumer Staples,39.9196418373,39.2361497778,4098875.0,4526000000.0,12911800000.0,421000000.0,1330300000.0,7130600000.0
CXO,Energy,112.481745889,108.365357,1669872.61905,6942551000.0,5699325000.0,122037037.037,312655000.0,10996065000.0
ED,Utilities,63.698253996,62.6489286786,2208531.34921,13052000000.0,32590000000.0,293120393.12,2451000000.0,32209000000.0
GLW,Information Technology,20.4938888968,20.0703571508,10203505.1587,18788000000.0,9739000000.0,1312745098.04,1626000000.0,12648000000.0
COST,Consumer Staples,148.823571175,146.656507774,2144432.14286,10617000000.0,22400000000.0,439371534.196,3728000000.0,15401000000.0
CCI,Real Estate,84.2827776786,83.0753175952,2319680.15873,7089221000.0,14947024000.0,342565765.766,1000957000.0,9580057000.0
CSX,Industrials,31.8055952698,31.1068650476,8569440.47619,11652000000.0,23093000000.0,984000000.0,3682000000.0,30174000000.0
CMI,Industrials,126.338452317,124.140555825,1958816.26984,7406000000.0,7728000000.0,177989821.883,2090000000.0,3745000000.0
CVS,Consumer Staples,102.45424575,100.772341222,4847495.2381,37196000000.0,55241000000.0,1123819742.49,9454000000.0,9855000000.0
DHI,Consumer Discretionary,28.7831348611,28.0273412262,5395871.42857,5894300000.0,5256700000.0,366195121.951,1123400000.0,146900000.0
DHR,Industrials,88.5057942421,87.3137305635,4423214.68254,23690300000.0,24531900000.0,698004158.004,3486800000.0,2825600000.0
DRI,Consumer Discretionary,65.8814683532,64.601111119,1577191.66667,2333500000.0,3661200000.0,127607913.669,175300000.0,3215800000.0
DVA,Health Care,77.9650002183,76.8321823651,1186642.85714,4870780000.0,13644095000.0,212387401.575,723136000.0,2788740000.0
DLPH,Consumer Discretionary,81.1314683651,79.5262300476,2140584.12698,2250000000.0,9723000000.0,285433070.866,1635000000.0,3377000000.0
DAL,Industrials,46.7378969722,45.4890475357,10767311.9048,10850000000.0,42284000000.0,796830985.915,7638000000.0,23039000000.0
XRAY,Health Care,54.4893650952,53.553492119,948563.492063,2338000000.0,2064900000.0,140335195.531,385600000.0,558800000.0
DVN,Energy,53.8505159524,52.2130952738,4479804.7619,7049000000.0,22402000000.0,406582278.481,-20751000000.0,19068000000.0
DLR,Real Estate,68.4639286746,67.2771429683,1162638.49206,4500132000.0,6951135000.0,190185256.41,494134000.0,8664105000.0
DFS,Financials,57.4876983135,56.5733332341,3548719.44444,11275000000.0,75661000000.0,446887159.533,4252000000.0,693000000.0
DG,Consumer Discretionary,73.2179760913,71.9491271587,3663994.44444,5710038000.0,5498604000.0,304384285.714,1769093000.0,2116075000.0
DLTR,Consumer Discretionary,75.736230254,74.1148812183,3011546.42857,1785000000.0,1707700000.0,205910652.921,1034300000.0,1210500000.0
D,Utilities,71.4884522897,70.3646033254,2589473.01587,12664000000.0,46133000000.0,591588785.047,3732000000.0,41554000000.0
DOV,Industrials,68.2609126508,66.812817623,1704660.31746,3644575000.0,4961501000.0,157577717.391,932286000.0,854269000.0
DPS,Consumer Staples,80.7973412937,79.600396996,1264008.73016,2183000000.0,6686000000.0,191000000.0,1301000000.0,1156000000.0
DD,Materials,66.1805148214,64.9812689722,6063475.79365,9993000000.0,31173000000.0,900000000.0,2933000000.0,9784000000.0
DUK,Utilities,75.4039683492,74.1917063968,3477948.80952,39727000000.0,81429000000.0,695308641.975,5750000000.0,75709000000.0
DNB,Industrials,120.095674694,117.949761933,223511.904762,-1116800000.0,3390400000.0,36068376.0684,331000000.0,27200000.0
ETFC,Financials,28.196349119,27.4931349127,3250172.61905,5799000000.0,39628000000.0,291304347.826,285000000.0,236000000.0
EMN,Materials,74.0524603452,72.4468253016,1478437.69841,3941000000.0,11670000000.0,148511383.538,1392000000.0,5130000000.0
ETN,Industrials,63.4158335833,62.2683729683,3111087.30159,15186000000.0,15800000000.0,465647058.824,2377000000.0,3565000000.0
EBAY,Information Technology,44.5281339048,43.6699593452,17471549.6032,6576000000.0,11179000000.0,1206293706.29,2406000000.0,1554000000.0
ECL,Materials,114.362222365,112.623214282,1292126.19048,6909900000.0,11731800000.0,296479289.941,1561300000.0,3228300000.0
EIX,Utilities,61.9710713889,60.8406350198,2273593.25397,11368000000.0,38942000000.0,356869009.585,2123000000.0,35085000000.0
EW,Health Care,140.288809909,137.053452353,2123695.63492,2503100000.0,1556200000.0,215173913.043,639600000.0,482500000.0
EA,Information Technology,64.8065873651,63.1948015397,3409282.93651,3036000000.0,3111000000.0,311387900.356,925000000.0,459000000.0
EMR,Industrials,53.809880877,52.8516667659,4929746.8254,8081000000.0,14007000000.0,681546134.663,3982000000.0,7015000000.0
ETR,Utilities,73.641825246,72.3007537937,1405725.39683,9256791000.0,35390890000.0,158317171.717,-129565000.0,28044360000.0
EOG,Energy,86.5152380675,84.1608336389,4671756.74603,12943035000.0,14032209000.0,545779855.247,-6684163000.0,24210721000.0
EQT,Energy,76.2251985119,74.0456346071,1550661.50794,5077791000.0,8898381000.0,152091071.429,573092000.0,11472021000.0
EFX,Industrials,99.1914682302,97.7433332817,619511.904762,2310900000.0,2198100000.0,118864265.928,700400000.0,366800000.0
EQIX,Real Estate,264.860555056,259.321786143,789477.380952,2745386000.0,7611309000.0,57776615.3846,510053000.0,5606436000.0
EQR,Real Estate,76.8580160198,75.4628175159,1730327.38095,10470368000.0,12686960000.0,367139240.506,1348383000.0,20276946000.0
ESS,Real Estate,226.527420083,222.311269579,351067.460317,6237733000.0,5767358000.0,66320000.0,437319000.0,10650782000.0
EL,Consumer Staples,84.1881347063,82.866944627,1861657.53968,3643200000.0,4572600000.0,379407665.505,1620600000.0,1490200000.0
ES,Utilities,50.4538492778,49.5604364127,1572698.01587,10352215000.0,20228094000.0,317142599.278,1798391000.0,19892441000.0
EXPE,Consumer Discretionary,110.147777643,107.43099204,2025771.03175,4864394000.0,10621281000.0,130232538.33,1052157000.0,1064259000.0
EXPD,Industrials,47.622817619,46.7836507659,1445929.7619,1691993000.0,890445000.0,188935123.967,736689000.0,524724000.0
EXR,Real Estate,72.904087369,71.5866269603,934471.825397,2089077000.0,3982330000.0,249968354.43,304468000.0,5689309000.0
XOM,Energy,83.522936496,82.1353572381,14085609.127,1.70811e+11,1.65947e+11,4194805194.81,22277000000.0,2.51605e+11
FFIV,Information Technology,118.918650865,116.490833198,1095026.5873,1316728000.0,995562000.0,71994871.7949,561344000.0,95909000.0
FB,Information Technology,89.6833729127,87.7627777421,26955191.2698,44218000000.0,5189000000.0,2800763358.78,6194000000.0,5687000000.0
FAST,Industrials,41.4330555119,40.6376588571,2698813.49206,1801289000.0,731173000.0,291729378.531,829128000.0,818889000.0
FRT,Real Estate,140.48694429,138.060079611,363181.746032,1663749000.0,3232810000.0,69150986.8421,300303000.0,4490365000.0
FDX,Industrials,166.710793444,163.981984373,1747735.31746,14993000000.0,21538000000.0,283783783.784,1862000000.0,20875000000.0
FIS,Information Technology,66.0455952103,65.0026190079,1494636.50794,9321000000.0,16947800000.0,293153153.153,1236000000.0,610700000.0
FSLR,Information Technology,53.2635316944,51.5017857341,2380510.31746,5548487000.0,1767844000.0,100815682.657,526810000.0,1391895000.0
FE,Utilities,34.4309523849,33.7677380198,3363179.7619,12421000000.0,39766000000.0,421897810.219,1908000000.0,37214000000.0
FISV,Information Technology,84.962896873,83.703134754,1153290.07937,2660000000.0,6680000000.0,234210526.316,1226000000.0,396000000.0
FLIR,Information Technology,30.3946428413,29.8188889008,830957.539683,1649515000.0,756885000.0,139702890.173,319532000.0,272629000.0
FLS,Industrials,51.4034524405,50.2728969603,1481343.25397,1666477000.0,3314180000.0,133168656.716,487466000.0,758427000.0
FLR,Industrials,52.6366268175,51.4540872143,1571759.52381,2997347000.0,4628059000.0,144741052.632,771322000.0,892340000.0
FMC,Materials,50.7909127421,49.6840476508,1248238.88889,1865700000.0,4460200000.0,133606557.377,-49100000.0,1016400000.0
FL,Consumer Discretionary,64.963531869,63.5843648968,2066196.8254,2496000000.0,1081000000.0,144044321.33,814000000.0,620000000.0
F,Consumer Discretionary,15.1383730278,14.8583730159,27742308.3333,28642000000.0,1.96283e+11,3963978494.62,11025000000.0,57256000000.0
FBHS,Industrials,48.6482539603,47.6175397103,1401496.03175,2450900000.0,2427700000.0,159898477.157,491800000.0,627900000.0
FCX,Materials,15.7840872659,15.0974206706,28948873.0159,7828000000.0,38749000000.0,1074801061.01,-13337000000.0,36873000000.0
FTR,Telecommunications Services,5.90083333333,5.73234126984,17788717.8571,5614000000.0,21470000000.0,675862068.966,752000000.0,8493000000.0
GPS,Consumer Discretionary,35.8559920278,35.1202380992,4599070.2381,2983000000.0,4707000000.0,435172413.793,2088000000.0,2773000000.0
GRMN,Consumer Discretionary,43.6419442698,42.7851191706,1489416.26984,3345126000.0,1154265000.0,190889958.159,567187000.0,446089000.0
GD,Industrials,142.024047583,139.867221968,1453154.7619,10738000000.0,21259000000.0,321235102.925,4102000000.0,3466000000.0
GIS,Consumer Staples,56.4348015079,55.6450001111,3135492.46032,4996700000.0,16835300000.0,604603960.396,1761900000.0,3783300000.0
GM,Consumer Discretionary,34.632857119,33.9835316746,15178893.254,39871000000.0,1.54467e+11,1585433715.22,8161000000.0,51401000000.0
GPC,Consumer Discretionary,91.106230377,89.7179761111,758913.492063,3146567000.0,4998204000.0,151757419.355,1145343000.0,648217000.0
GILD,Health Care,107.713611095,105.246111401,11253957.5397,18534000000.0,33305000000.0,1463864187.55,22347000000.0,2276000000.0
GPN,Information Technology,99.3042460833,97.4394445556,1333830.95238,757976000.0,5021325000.0,66997590.3614,461546000.0,374143000.0
GT,Consumer Discretionary,30.0567062897,29.3244841627,3453797.22222,3920000000.0,12471000000.0,269298245.614,1046000000.0,6777000000.0
GWW,Industrials,229.598015683,225.417619111,669715.079365,2266634000.0,3591121000.0,65782378.1009,1284276000.0,1431241000.0
HAL,Energy,41.7946031905,40.5734524603,13828600.3968,15462000000.0,21480000000.0,849367088.608,-936000000.0,12117000000.0
HBI,Consumer Discretionary,45.5523809087,44.5547222421,3433471.42857,1386772000.0,3821421000.0,100626616.915,561355000.0,674379000.0
HOG,Consumer Discretionary,56.9129366508,55.8041267579,2591778.57143,1839654000.0,8151513000.0,202751212.938,1162280000.0,942418000.0
HRS,Information Technology,78.429246,77.0729364246,987255.952381,3397000000.0,9725000000.0,106031746.032,607000000.0,1165000000.0
HIG,Financials,44.0822617778,43.3703174167,3121303.1746,17642000000.0,2.10706e+11,415308641.975,2335000000.0,974000000.0
HAS,Consumer Discretionary,70.9123808571,69.4551986389,1313376.5873,1663902000.0,3056815000.0,125162880.886,701037000.0,237527000.0
HCA,Health Care,78.6075396468,76.5057537937,4017698.80952,-7599000000.0,40343000000.0,414202334.63,5622000000.0,15014000000.0
HCP,Real Estate,40.0097636032,39.275835123,3834657.14286,9343643000.0,12106206000.0,462177685.95,615867000.0,11854242000.0
HP,Energy,63.8592064008,61.5600794762,2392205.55556,4895846000.0,2251396000.0,107801794.872,676902000.0,5563170000.0
HSIC,Health Care,144.537420619,142.277896857,500943.253968,2884256000.0,3620484000.0,82882006.9204,746766000.0,318476000.0
HES,Energy,64.912301746,63.0624998373,3112088.49206,19386000000.0,14809000000.0,283487940.631,-3917000000.0,26352000000.0
HOLX,Health Care,36.4849207183,35.7147618492,2348411.11111,2079200000.0,5563300000.0,280000000.0,382700000.0,457100000.0
HD,Consumer Discretionary,117.27809506,115.373650754,5113271.8254,9322000000.0,30624000000.0,1338607594.94,10806000000.0,22720000000.0
HON,Industrials,102.9884125,101.468492135,3081314.68254,18283000000.0,31033000000.0,780360065.466,6586000000.0,5789000000.0
HST,Real Estate,19.6317063254,19.2255555238,8259704.7619,7064000000.0,4720000000.0,2536363636.36,814000000.0,10716000000.0
HUM,Health Care,178.230317611,174.290873274,1531789.28571,10346000000.0,14332000000.0,149414519.906,2617000000.0,1384000000.0
HBAN,Financials,11.1230952381,10.9175396825,9053078.57143,6594606000.0,64449945000.0,845069512.195,995214000.0,620540000.0
IDXX,Health Care,107.012539687,104.375912873,758791.269841,-84125000.0,1559118000.0,92791304.3478,302380000.0,333026000.0
ITW,Industrials,93.0492854484,91.7180950913,1739535.71429,5224000000.0,10501000000.0,368023255.814,2945000000.0,1577000000.0
INTC,Information Technology,32.4980556508,31.8413888532,30287800.7937,61085000000.0,40374000000.0,4738589211.62,14212000000.0,31858000000.0
IBM,Information Technology,156.542301913,154.160198155,4388465.47619,14262000000.0,96233000000.0,978486646.884,16413000000.0,10727000000.0
IP,Materials,48.4992856984,47.6188491508,3034407.14286,3884000000.0,26703000000.0,416888888.889,1821000000.0,11980000000.0
IPG,Consumer Discretionary,21.2857936706,20.895555504,3552961.50794,1965500000.0,10619600000.0,409549549.55,848000000.0,567200000.0
IFF,Materials,114.554047833,112.657579409,447634.126984,1590318000.0,2126464000.0,80779768.7861,585163000.0,732794000.0
INTU,Information Technology,98.0154366548,96.2752780357,1788966.66667,2332000000.0,2636000000.0,280769230.769,739000000.0,682000000.0
ISRG,Health Care,511.934245631,502.009404496,290530.555556,4319500000.0,587800000.0,37101449.2754,758500000.0,432100000.0
IVZ,Financials,37.1640872619,36.4696825952,3172453.96825,7885300000.0,17187900000.0,428362831.858,1632700000.0,426900000.0
IRM,Real Estate,33.4828174484,32.8049206667,1608952.38095,508841000.0,5841746000.0,212484482.759,425937000.0,2497158000.0
JBHT,Industrials,81.9361109881,80.4984523095,980703.174603,1300352000.0,2336215000.0,115781842.818,715780000.0,2701329000.0
JEC,Industrials,42.5407142738,41.6195237262,1319273.01587,4291745000.0,3494181000.0,125194628.099,449640000.0,381238000.0
SJM,Consumer Staples,114.869127179,113.094881063,879549.603175,7086900000.0,9719400000.0,103573573.574,602900000.0,1678300000.0
JPM,Financials,64.3302777897,63.2751984563,15870054.3651,2.47573e+11,2.104125e+12,4040000000.0,38165000000.0,14362000000.0
JNPR,Information Technology,26.6366666627,26.1012301508,5432067.06349,4574400000.0,4044800000.0,391172839.506,852200000.0,1021000000.0
KSU,Industrials,98.8896032579,96.7690078452,1501521.03175,3914300000.0,4426700000.0,109637188.209,754500000.0,7705400000.0
K,Consumer Staples,66.6275792024,65.7091667817,1892469.44444,2789000000.0,12364000000.0,359090909.091,1034000000.0,3769000000.0
KMB,Consumer Staples,113.141706369,111.679484119,1565686.50794,-174000000.0,15016000000.0,364388489.209,1630000000.0,7104000000.0
KIM,Real Estate,25.5386905357,25.080079377,3034878.1746,5046300000.0,6297871000.0,444833333.333,513620000.0,9669325000.0
KMI,Energy,35.3270635238,34.5547222381,18134213.8889,35119000000.0,48985000000.0,2530000000.0,772000000.0,40547000000.0
KLAC,Information Technology,60.0178570437,58.8141666032,1684497.22222,421439000.0,4404573000.0,162016814.159,540140000.0,314591000.0
KSS,Consumer Discretionary,60.5692461865,59.229762,3331046.8254,5991000000.0,8342000000.0,202570093.458,1689000000.0,8515000000.0
KR,Consumer Staples,56.3362697619,55.4217461548,7927294.84127,5412000000.0,25085000000.0,495128939.828,3137000000.0,17912000000.0
LB,Consumer Discretionary,90.7231744246,88.9925000437,1700044.44444,18000000.0,7458000000.0,291876750.7,1960000000.0,2277000000.0
LLL,Industrials,120.294206325,118.290396849,621051.587302,4355000000.0,7730000000.0,80808080.8081,491000000.0,1097000000.0
LRCX,Information Technology,77.3853967302,75.5529760556,2197428.57143,5103144000.0,4261504000.0,159507785.888,740850000.0,621418000.0
LEG,Industrials,45.9934921429,45.1779364405,1025100.0,1085600000.0,1869900000.0,142510822.511,490900000.0,540800000.0
LEN,Consumer Discretionary,50.0744444563,48.8173413175,3094842.85714,5648944000.0,8770565000.0,207466149.871,1222070000.0,0.0
LUK,Financials,22.2046032421,21.7874999802,1784872.22222,10401211000.0,35813601000.0,340690540.541,1265417000.0,721875000.0
LVLT,Telecommunications Services,51.762023873,50.7505555397,2131736.90476,10126000000.0,14019000000.0,353553038.105,925000000.0,9878000000.0
LLY,Health Care,79.5634918929,77.9526983254,4942675.39683,14571300000.0,20978600000.0,1060969163.0,2790000000.0,8053500000.0
LLTC,Information Technology,44.9449999762,44.0758728968,2522233.33333,1577927000.0,306152000.0,244583568.075,685389000.0,287742000.0
LMT,Industrials,204.12813479,201.228690532,1297189.68254,3097000000.0,46207000000.0,310240963.855,4742000000.0,5389000000.0
LOW,Consumer Discretionary,72.1310712143,70.8574604127,4975776.19048,9968000000.0,21753000000.0,995571955.72,4276000000.0,20034000000.0
LYB,Materials,92.622023881,90.2615870238,3970767.06349,6550000000.0,16207000000.0,465280665.281,6519000000.0,8991000000.0
MTB,Financials,123.794881171,121.704444508,951142.063492,16173289000.0,1.06614595e+11,149538365.651,1929135000.0,666682000.0
MAC,Real Estate,82.2716664881,80.7177381349,1352514.28571,4715414000.0,6543162000.0,158299350.649,684981000.0,8796912000.0
M,Consumer Discretionary,60.0696427778,58.8507142421,5518679.36508,5378000000.0,15952000000.0,354883720.93,2785000000.0,7800000000.0
MRO,Energy,23.1318254008,22.3378968373,9939039.28571,18553000000.0,13758000000.0,676073619.632,-2958000000.0,27061000000.0
MPC,Energy,73.1994840198,71.1894048135,5453992.85714,13237000000.0,29878000000.0,539130434.783,4374000000.0,25164000000.0
MAR,Consumer Discretionary,76.51353175,75.0085316746,2321048.01587,-3590000000.0,9672000000.0,266770186.335,1422000000.0,1029000000.0
MMC,Financials,56.6174604881,55.8984127857,2077105.15873,6513000000.0,11703000000.0,531229235.88,2470000000.0,773000000.0
MLM,Materials,149.12841279,145.113888726,850845.634921,4057284000.0,2904448000.0,67005104.4084,490088000.0,3156000000.0
MAS,Industrials,27.0115874762,26.4416270357,4531951.19048,-135000000.0,5799000000.0,344660194.175,914000000.0,1027000000.0
MA,Information Technology,93.4171032024,91.8527381151,4318287.30159,6028000000.0,10222000000.0,1133333333.33,5019000000.0,675000000.0
MAT,Consumer Discretionary,25.5198016111,24.8683334206,5547219.04762,2633254000.0,3919435000.0,342051851.852,549185000.0,741147000.0
MKC,Consumer Staples,79.9817461627,78.8543254524,685447.619048,1670200000.0,2802400000.0,127898089.172,549500000.0,618400000.0
MCD,Consumer Discretionary,100.958531631,99.5418648651,6502993.65079,7087900000.0,30850800000.0,939688796.68,6555700000.0,23117600000.0
MCK,Health Care,215.204205909,211.13067475,1367866.26984,8001000000.0,45869000000.0,231711145.997,3031000000.0,2045000000.0
MJN,Consumer Staples,90.1863491587,88.589920619,1798574.20635,-632300000.0,4630400000.0,199237804.878,936200000.0,964000000.0
MRK,Health Care,57.1184920635,56.1172221944,11158700.7937,44676000000.0,57103000000.0,2811392405.06,5401000000.0,12507000000.0
MET,Financials,51.8018650992,50.8411509762,6518976.5873,67949000000.0,8.09984e+11,1151843817.79,7470000000.0,0.0
MTD,Health Care,322.09837206,315.786547595,170385.31746,580457000.0,1378878000.0,27672156.8627,490875000.0,517229000.0
KORS,Consumer Discretionary,52.6540477063,51.2752778016,4028906.74603,2241000000.0,443600000.0,202528735.632,1256000000.0,562900000.0
MCHP,Information Technology,47.1460713889,46.12658725,2421890.87302,2044654000.0,2736059000.0,200548369.565,407941000.0,581572000.0
MU,Information Technology,22.7386904603,21.9731745397,27131919.0476,12302000000.0,11841000000.0,1069741697.42,2980000000.0,10554000000.0
MSFT,Information Technology,47.137777881,46.2506745675,35943692.0635,80083000000.0,94389000000.0,8183221476.51,18507000000.0,14731000000.0
MAA,Real Estate,80.2810712897,78.8268253611,509656.349206,2992097000.0,3855684000.0,79534013.6054,474764000.0,6716555000.0
MHK,Consumer Discretionary,189.128254179,185.242698952,684973.809524,4854173000.0,5088191000.0,237568339.768,819947000.0,3147118000.0
TAP,Consumer Staples,78.8199207579,77.3448014841,1983070.63492,7043000000.0,5233300000.0,185309278.351,531000000.0,1590800000.0
MDLZ,Consumer Staples,41.1847221865,40.4783729325,9553722.61905,28012000000.0,34831000000.0,1618485523.39,8897000000.0,8362000000.0
MON,Materials,107.62349196,105.861269956,3386817.06349,6990000000.0,14930000000.0,477113402.062,3594000000.0,4973000000.0
MCO,Financials,103.596508056,101.882460238,1038454.36508,-565000000.0,5688400000.0,200276595.745,1494700000.0,306400000.0
MUR,Energy,38.6672221706,37.4703174524,2725661.11111,5306728000.0,6187084000.0,174277283.193,-3164887000.0,9818365000.0
NDAQ,Financials,52.4104761071,51.4673411349,1066208.33333,5609000000.0,6252000000.0,167187500.0,741000000.0,323000000.0
NOV,Energy,46.4922222103,45.1394840833,5903253.96825,16383000000.0,10342000000.0,386432160.804,-486000000.0,3124000000.0
NAVI,Financials,16.9306865079,16.4782142976,3364145.2381,3975000000.0,1.30137e+11,374812030.075,3674000000.0,0.0
NTAP,Information Technology,34.0366665198,33.3463888889,3660838.49206,3414000000.0,5987000000.0,316384180.791,713000000.0,1030000000.0
NFLX,Information Technology,330.067737167,321.55793625,18570959.127,2223426000.0,7979445000.0,422900000.0,274601000.0,173412000.0
NWL,Consumer Discretionary,41.4783332778,40.7217856111,2050704.7619,1822900000.0,5455100000.0,269230769.231,417400000.0,599200000.0
NFX,Energy,35.3045236587,33.89353175,3511178.57143,1379000000.0,3389000000.0,158734655.335,-4816000000.0,3991000000.0
NEM,Materials,21.4833729762,20.7883729921,8088129.36508,11350000000.0,13832000000.0,511627906.977,1291000000.0,17303000000.0
NWSA,Consumer Discretionary,15.0419444286,14.7067857183,3259890.07937,11945000000.0,3070000000.0,565384615.385,552000000.0,2690000000.0
NEE,Utilities,103.323293794,101.654404821,2253392.46032,22574000000.0,59905000000.0,450409165.303,5201000000.0,61386000000.0
NLSN,Industrials,45.9966269881,45.2260317778,2393805.15873,4433000000.0,10870000000.0,367741935.484,1272000000.0,490000000.0
NBL,Energy,41.4021428849,40.0350000635,4838260.71429,10370000000.0,13826000000.0,402141680.395,-1956000000.0,21300000000.0
JWN,Consumer Discretionary,73.4281746706,72.0396031627,1815115.87302,2440000000.0,6805000000.0,189973614.776,1323000000.0,3340000000.0
NSC,Industrials,93.5304761032,91.7402777302,2249565.87302,12188000000.0,21951000000.0,303313840.156,2987000000.0,28992000000.0
NTRS,Financials,72.6830553492,71.4277381508,1236288.88889,8705900000.0,1.080437e+11,241637717.122,1618900000.0,446900000.0
NUE,Materials,45.1079364881,44.1048015079,2356874.60317,7416878000.0,6833521000.0,322215315.315,877440000.0,4891153000.0
NVDA,Information Technology,23.9795237738,23.4110713651,7756520.2381,4418000000.0,2783000000.0,553508771.93,801000000.0,557000000.0
ORLY,Consumer Discretionary,233.980516385,229.908372865,672094.444444,1961314000.0,4715370000.0,99915879.8283,1517495000.0,2861556000.0
OXY,Energy,75.1752777778,73.5336112698,4866398.01587,24350000000.0,19087000000.0,765298142.717,-9537000000.0,31639000000.0
OMC,Consumer Discretionary,74.3495235437,73.2205161627,1485754.7619,2452400000.0,19658300000.0,246930022.573,1959700000.0,692700000.0
OKE,Energy,39.712936504,38.4100792341,2570224.20635,335798000.0,15110313000.0,209382051.282,938663000.0,12373989000.0
PCAR,Industrials,60.5997221508,59.4629761865,2093423.4127,6940400000.0,11605100000.0,354867256.637,2455100000.0,5549400000.0
PH,Industrials,113.853293631,111.726825464,1421131.34921,5104287000.0,7174995000.0,142957627.119,1550646000.0,1664022000.0
PDCO,Health Care,48.1731745397,47.3707540079,915821.031746,1514123000.0,1431125000.0,98788053.0973,308011000.0,839927000.0
PAYX,Information Technology,49.4165477976,48.6728174762,2115504.7619,1785500000.0,4682000000.0,362849462.366,1060000000.0,353900000.0
PYPL,Information Technology,36.2337778889,35.0311586825,10592230.1587,13759000000.0,15122000000.0,1228000000.0,1488000000.0,1344000000.0
PNR,Industrials,60.780595119,59.4583332579,1473793.25397,4008800000.0,7848200000.0,181904761.905,180000000.0,942800000.0
PBCT,Financials,15.7583730437,15.5002777937,3422481.74603,4731600000.0,34145800000.0,302441860.465,431800000.0,257800000.0
PEP,Consumer Staples,97.3826983452,96.1606746786,4734263.49206,12068000000.0,57599000000.0,1469541778.98,8412000000.0,16317000000.0
PFE,Health Care,33.9943652579,33.4091665278,28778361.1111,64720000000.0,1.02741e+11,6159292035.4,8965000000.0,13766000000.0
PCG,Utilities,53.2983333135,52.3575793056,3060734.12698,16576000000.0,46406000000.0,490607734.807,1634000000.0,46723000000.0
PM,Consumer Staples,83.6930159127,82.5519839286,4538373.01587,-13244000000.0,47200000000.0,1554977375.57,10623000000.0,5721000000.0
PSX,Energy,80.6205159286,78.7749208532,3675452.38095,23100000000.0,25480000000.0,543316195.373,6354000000.0,19721000000.0
PNW,Utilities,63.4542063651,62.353968373,898753.571429,4583917000.0,10444341000.0,110978934.01,888874000.0,11684969000.0
PBI,Industrials,21.9416270635,21.5224999921,1620334.12698,178721000.0,5962740000.0,199972058.824,698408000.0,510750000.0
PNC,Financials,93.6907935952,92.2101982897,2444200.39683,44710000000.0,3.13783e+11,546010638.298,6149000000.0,0.0
RL,Consumer Discretionary,131.385476401,128.506269857,1060460.31746,3891000000.0,2215000000.0,88190954.7739,1004000000.0,1436000000.0
PPG,Materials,159.767460361,157.183928948,1650609.12698,4983000000.0,12093000000.0,271428571.429,1908000000.0,2822000000.0
PPL,Utilities,33.324920623,32.7722619683,4740857.14286,9919000000.0,29382000000.0,675247524.752,2939000000.0,30382000000.0
PX,Materials,117.319087317,115.60202381,1542455.95238,4389000000.0,13930000000.0,287012987.013,2321000000.0,10998000000.0
PCLN,Consumer Discretionary,1231.73599245,1208.20654663,665289.68254,8795469000.0,8625106000.0,50935516.0711,3288549000.0,274786000.0
PFG,Financials,51.1587697976,50.164563373,1356315.47619,9311600000.0,2.093487e+11,300243309.002,1430800000.0,633800000.0
PGR,Financials,29.2133730119,28.7966269008,3589216.66667,7289400000.0,22529900000.0,586851851.852,2047600000.0,1037200000.0
PRU,Financials,83.9350789484,82.3367064206,2543921.8254,41890000000.0,7.15498e+11,456103476.152,7769000000.0,0.0
PEG,Utilities,41.4136507262,40.6321427857,3201750.79365,13066000000.0,24469000000.0,505722891.566,3073000000.0,26539000000.0
PHM,Consumer Discretionary,20.5051190952,19.9811507937,5729658.73016,4759325000.0,4430081000.0,358036231.884,816023000.0,81492000.0
PVH,Consumer Discretionary,106.026388905,103.508254187,1144344.84127,4364300000.0,6460600000.0,82363977.4859,529900000.0,725700000.0
QRVO,Information Technology,66.2168649087,63.6213968413,2140402.38095,6173160000.0,719219000.0,90462211.9816,122662000.0,883371000.0
QCOM,Information Technology,63.3867458651,62.1967062778,13021098.0159,31421000000.0,19375000000.0,1616871165.64,6591000000.0,2534000000.0
PWR,Industrials,26.353650746,25.7079364365,2885934.12698,3085494000.0,2128049000.0,202405031.447,236699000.0,1101959000.0
DGX,Health Care,71.3055555556,69.9349603492,1343933.33333,4684000000.0,5278000000.0,144105691.057,1256000000.0,925000000.0
RRC,Energy,44.7098810198,42.844563504,4026501.19048,2759658000.0,4140373000.0,166360139.86,-885923000.0,6380760000.0
O,Real Estate,49.0699604127,48.2253173571,2199910.31746,6531596000.0,5334274000.0,260335779.817,731939000.0,10618884000.0
RHT,Information Technology,75.5675792817,74.1130952103,1393788.09524,1288338000.0,2496231000.0,185774226.804,264892000.0,172151000.0
REGN,Health Care,505.837934683,491.192580583,807004.761905,3654837000.0,1954295000.0,103088492.707,1239338000.0,1594120000.0
RSG,Industrials,41.7217062302,41.1787698889,1531838.88889,7774100000.0,12761800000.0,350420560.748,1560800000.0,7552800000.0
RHI,Industrials,55.8030952421,54.8435316587,940813.095238,1003781000.0,667263000.0,131542647.059,581030000.0,142906000.0
ROK,Industrials,113.728769786,111.612222242,1062320.2381,2256800000.0,4147900000.0,134569105.691,1191200000.0,605600000.0
COL,Industrials,90.644761877,89.2711111944,792962.301587,1875000000.0,5429000000.0,132177263.969,1023000000.0,964000000.0
ROP,Industrials,172.18289702,169.52896869,420850.396825,5298947000.0,4869418000.0,100587716.763,1086570000.0,105510000.0
ROST,Consumer Discretionary,73.1786111905,71.7923016667,2714578.57143,2279210000.0,2408160000.0,206873378.076,1485366000.0,2273752000.0
RCL,Consumer Discretionary,85.5722220198,83.6718253849,2162631.74603,8063039000.0,12858816000.0,219730363.036,943508000.0,18777778000.0
R,Industrials,85.2437699563,83.4663889325,733898.015873,1987111000.0,8965469000.0,53003130.4348,619649000.0,8899705000.0
SPGI,Financials,99.8188094802,98.0242855952,1324275.39683,194000000.0,7989000000.0,271361502.347,1917000000.0,270000000.0
CRM,Information Technology,71.4771825159,69.8050000238,4152657.53968,3975183000.0,6689944000.0,625447619.048,-139848000.0,1125866000.0
SCG,Utilities,56.4159525437,55.4167063135,928919.84127,5443000000.0,11703000000.0,142911877.395,1457000000.0,13540000000.0
SNI,Consumer Discretionary,64.2755952103,62.9186111429,1258208.33333,1523931000.0,5148383000.0,129664102.564,1229911000.0,293230000.0
STX,Information Technology,50.9021429841,49.4485317778,4233243.65079,3018000000.0,6827000000.0,323791821.561,2177000000.0,2278000000.0
SEE,Materials,48.1085316587,47.1442460754,2085523.80952,527100000.0,6877900000.0,138282208.589,653600000.0,945700000.0
SRE,Utilities,104.104245901,102.345198258,1170362.30159,11809000000.0,29341000000.0,248618784.53,2161000000.0,28039000000.0
SHW,Materials,273.916191798,269.104722889,775478.968254,867910000.0,4923945000.0,92605360.2812,1610757000.0,1041862000.0
SPG,Real Estate,190.256984056,187.060119127,1376652.77778,4471464000.0,26179209000.0,363839285.714,2778266000.0,23547738000.0
SWKS,Information Technology,90.8547220317,88.0419047976,4035094.04762,3159200000.0,560200000.0,189619952.494,1023600000.0,826400000.0
SLG,Real Estate,119.784285714,117.704563516,698523.412698,7287465000.0,12570476000.0,278513725.49,274087000.0,14620896000.0
SNA,Consumer Discretionary,156.711151067,154.378690012,362870.238095,2207800000.0,2102300000.0,58112947.6584,683800000.0,404500000.0
SO,Utilities,45.3754761786,44.7144842103,5216272.61905,21982000000.0,56218000000.0,931153846.154,4469000000.0,62354000000.0
LUV,Industrials,41.5069841508,40.4267856746,7782501.5873,7358000000.0,13954000000.0,660909090.909,3569000000.0,15601000000.0
SE,Energy,31.8884126111,31.1740873294,5093217.06349,6526000000.0,26397000000.0,675862068.966,1257000000.0,22918000000.0
SPLS,Consumer Discretionary,14.8960316944,14.5116666587,8818085.71429,5305000000.0,5003000000.0,642857142.857,317000000.0,1706000000.0
SBUX,Consumer Discretionary,65.59503975,64.4264680992,8647815.07937,5818000000.0,6598300000.0,1498586956.52,3973500000.0,4088300000.0
STT,Financials,74.7628175317,73.4347222341,2506170.63492,21103000000.0,2.24052e+11,437086092.715,2698000000.0,1894000000.0
SRCL,Industrials,135.640754071,133.523611246,652050.396825,2729891000.0,4347559000.0,88425827.8146,488405000.0,665602000.0
SYK,Health Care,96.3998810317,94.9288095516,1327536.90476,8511000000.0,7712000000.0,376701570.681,1735000000.0,1199000000.0
STI,Financials,42.1347619206,41.3728970317,3668367.85714,23437000000.0,1.6738e+11,533977900.552,2989000000.0,1502000000.0
SYMC,Information Technology,23.0122222619,22.547420619,4743859.92063,5935000000.0,7298000000.0,691338582.677,179000000.0,950000000.0
SYF,Financials,32.2830674048,31.5485118294,4463776.5873,12604000000.0,71531000000.0,832330827.068,4059000000.0,0.0
SYY,Consumer Staples,39.253452377,38.7096029643,4833451.5873,5260224000.0,12729057000.0,592045689.655,1262954000.0,3982143000.0
TGT,Consumer Discretionary,78.8454762183,77.4686110238,5028414.68254,13997000000.0,27175000000.0,634108527.132,4535000000.0,25952000000.0
TEL,Information Technology,66.2688888095,65.1861508373,2021307.53968,9585000000.0,11004000000.0,404682274.247,1711000000.0,2920000000.0
TGNA,Consumer Discretionary,30.8893254405,30.1551984087,1895030.15873,2191971000.0,6345787000.0,225255882.353,896565000.0,458319000.0
TDC,Information Technology,36.5961904405,35.725476119,1944584.52381,849000000.0,1681000000.0,139869281.046,-135000000.0,143000000.0
TSO,Energy,95.4373809563,92.4946428532,2545665.47619,5213000000.0,11119000000.0,123200000.0,2847000000.0,9541000000.0
TXN,Information Technology,54.459761881,53.4205555635,6421090.47619,9946000000.0,6284000000.0,1044055944.06,4306000000.0,2596000000.0
TXT,Industrials,43.3316270238,42.4530554762,1871806.74603,4272000000.0,10333000000.0,279069767.442,1044000000.0,2497000000.0
BK,Financials,41.6353174921,40.9578175278,5935708.33333,38037000000.0,3.55743e+11,1156776556.78,4535000000.0,1379000000.0
CLX,Consumer Staples,113.998452381,112.507539714,886329.365079,118000000.0,4046000000.0,130337078.652,1021000000.0,918000000.0
MOS,Materials,42.2196031627,41.3280157976,4247421.8254,9531800000.0,7857700000.0,358566308.244,1201100000.0,8721000000.0
TRV,Financials,106.309682687,104.933095163,1974173.80952,23598000000.0,76586000000.0,312920837.125,5113000000.0,0.0
DIS,Consumer Discretionary,108.666230246,106.956111341,8339846.42857,44525000000.0,43657000000.0,1693333333.33,13868000000.0,25179000000.0
TMO,Health Care,131.757539484,129.64039646,1750050.39683,21350200000.0,19538800000.0,398266129.032,1936400000.0,2448800000.0
TIF,Consumer Discretionary,87.0139683333,85.2753173849,1481255.95238,2835100000.0,2345500000.0,129120000.0,800400000.0,899500000.0
TJX,Consumer Discretionary,69.5759923016,68.3930159246,3186328.1746,4264230000.0,6724520000.0,692227500.0,3589671000.0,3868365000.0
TMK,Financials,57.4679365317,56.6565078929,687393.650794,4055552000.0,15797661000.0,125201900.238,842829000.0,0.0
TSS,Information Technology,44.0961905913,43.3390079603,1146568.25397,1843018000.0,2065282000.0,186384343.434,496888000.0,289898000.0
TSCO,Consumer Discretionary,88.4396822698,86.5449207302,938917.460317,1393294000.0,977532000.0,135443894.389,650508000.0,847576000.0
TDG,Industrials,224.196508294,220.26670625,371908.333333,-1038306000.0,9342241000.0,178884800.0,1055609000.0,260684000.0
TRIP,Consumer Discretionary,80.0475001389,77.9928968889,2016719.04762,1412000000.0,716000000.0,143478260.87,249000000.0,247000000.0
UDR,Real Estate,34.0499604246,33.4137697857,1743545.63492,2899755000.0,4764089000.0,261833076.923,223471000.0,6531627000.0
ULTA,Consumer Discretionary,159.21976223,155.833690063,804990.079365,1247509000.0,735661000.0,64283750.0,411309000.0,717159000.0
UNP,Industrials,100.457896893,98.5835714603,5323367.06349,20702000000.0,33898000000.0,866061705.989,8278000000.0,48866000000.0
UAL,Industrials,60.8574601984,58.9471032937,5984284.52381,8966000000.0,31895000000.0,376024590.164,4839000000.0,21580000000.0
UNH,Health Care,117.672618694,115.213531825,4219944.04762,33830000000.0,77424000000.0,952950819.672,11021000000.0,4861000000.0
UPS,Industrials,101.361547956,100.043134698,3222871.03175,2470000000.0,35841000000.0,900371747.212,7683000000.0,18352000000.0
UTX,Industrials,107.961984187,106.32880929,4528683.33333,27358000000.0,60126000000.0,872477064.22,7291000000.0,8732000000.0
UHS,Health Care,125.921746075,122.908730246,760124.603175,4249647000.0,5384466000.0,98770391.8723,1259395000.0,3835978000.0
UNM,Financials,34.5847620198,33.9784522063,1516503.57143,8663900000.0,51925800000.0,247037037.037,1391100000.0,523900000.0
URBN,Consumer Discretionary,34.2795636468,33.4057936468,2401797.61905,1327969000.0,560772000.0,136722352.941,363450000.0,889232000.0
VFC,Consumer Discretionary,71.6674603373,70.4234520476,2136235.71429,5630882000.0,4214418000.0,432853305.785,1439091000.0,942181000.0
VLO,Energy,62.5188491548,60.7877378175,6686621.8254,20527000000.0,23816000000.0,498750000.0,6404000000.0,26703000000.0
VAR,Health Care,86.2517065952,84.9329760675,788563.095238,1711600000.0,1867100000.0,99636803.8741,562600000.0,379200000.0
VTR,Real Estate,65.2368255397,64.054920877,2694283.73016,9564327000.0,12697591000.0,332715873.016,733200000.0,18280798000.0
VRSN,Information Technology,69.8615476508,68.6222618056,1030580.15873,-1070447000.0,3428184000.0,114053495.441,595281000.0,295570000.0
VRSK,Industrials,73.524007881,72.3080953929,1200099.20635,1372011000.0,4243916000.0,165334527.687,838752000.0,418168000.0
VZ,Telecommunications Services,47.476428631,46.8374602143,15137405.1587,16428000000.0,2.28212e+11,4081963470.32,33160000000.0,93808000000.0
VRTX,Health Care,125.904087111,121.547103282,1712942.46032,939967000.0,1558908000.0,240837229.437,-473594000.0,697715000.0
VIAB,Consumer Discretionary,58.9013887063,57.3983334048,4211038.49206,3538000000.0,18605000000.0,402092050.209,3160000000.0,4563000000.0
VNO,Real Estate,102.314205968,100.627381063,785067.857143,6697595000.0,14445698000.0,210646537.396,1100498000.0,14671870000.0
VMC,Materials,89.7159919405,87.6670636905,1125894.44444,4454188000.0,3847444000.0,133239156.627,548445000.0,3156290000.0
WMT,Consumer Staples,73.0641670238,72.0348016667,9040769.44444,81394000000.0,1.22096e+11,3227416173.57,27260000000.0,1.16655e+11
WM,Industrials,51.9272222579,51.276547623,2246830.55556,5345000000.0,15022000000.0,453614457.831,1445000000.0,10665000000.0
WAT,Health Care,127.107023841,124.92872981,456744.047619,2058851000.0,2209826000.0,82290000.0,578162000.0,333355000.0
WEC,Utilities,50.4327383333,49.5163490913,1923355.55556,8685200000.0,20670000000.0,271313559.322,1405500000.0,19189700000.0
WFC,Financials,55.1655159722,54.3819444722,15909983.7302,1.92998e+11,1.594634e+12,5477033492.82,36654000000.0,8704000000.0
HCN,Real Estate,71.1553968413,69.8842460317,2394334.12698,14590560000.0,14433285000.0,361307659.574,1128286000.0,24718608000.0
WDC,Information Technology,87.2899602857,85.0488492817,2693739.68254,9219000000.0,5951000000.0,232171156.894,1626000000.0,2965000000.0
WU,Information Technology,19.6400000675,19.2680159206,5621228.57143,1404900000.0,8054000000.0,513987730.061,1109700000.0,231800000.0
WRK,Materials,56.2793307519,54.4116392932,1603332.33083,11651800000.0,13720600000.0,172323232.323,866700000.0,9159800000.0
WY,Real Estate,31.938373004,31.4132143254,3732088.49206,4869000000.0,7617000000.0,568539325.843,850000000.0,9261000000.0
WHR,Consumer Discretionary,180.661269754,176.428888583,982212.698413,4743000000.0,13336000000.0,78693467.3367,1196000000.0,3774000000.0
WFM,Consumer Staples,41.6484524048,40.7723412262,5111503.57143,3769000000.0,1972000000.0,359731543.624,878000000.0,3163000000.0
WMB,Energy,46.3501586071,44.9150793413,9074000.0,6148000000.0,42872000000.0,751315789.474,-669000000.0,29579000000.0
WYN,Consumer Discretionary,83.4176987698,81.9050793175,1093453.57143,950000000.0,8766000000.0,118146718.147,1041000000.0,2363000000.0
WYNN,Consumer Discretionary,103.705991897,100.149563345,3212901.98413,-111979000.0,10634238000.0,101186528.497,590153000.0,7477478000.0
XEL,Utilities,35.036785623,34.4611509008,3302870.2381,10600920000.0,28452615000.0,507466494.845,2122486000.0,31205851000.0
XRX,Information Technology,11.5701984127,11.308452381,10547356.746,9074000000.0,15743000000.0,1128571428.57,412000000.0,1491000000.0
XLNX,Information Technology,44.3080159325,43.4209921151,3248426.19048,2611594000.0,2286471000.0,265662295.082,755078000.0,301038000.0
XL,Financials,37.5548412024,37.0099205317,2678148.01587,11677079000.0,47005859000.0,284729857.82,1114246000.0,0.0
XYL,Industrials,35.6557539841,35.04658725,1137991.26984,2084000000.0,2573000000.0,180851063.83,458000000.0,439000000.0
YHOO,Information Technology,39.4584920159,38.5461109246,15695334.9206,29043537000.0,16160429000.0,939457327.586,-4813176000.0,1547323000.0
YUM,Consumer Discretionary,81.00730325,79.4103588849,5680655.15873,911000000.0,7164000000.0,435353535.354,1921000000.0,4189000000.0
ZBH,Health Care,109.72317456,107.769126778,1230182.53968,9887900000.0,17331600000.0,188461538.462,439800000.0,2062600000.0
ZION,Financials,28.8321825595,28.1870634167,2709065.87302,7507519000.0,52162006000.0,257892500.0,520726000.0,912554000.0
ZTS,Health Care,46.6109922024,45.5588094405,3450530.95238,1068000000.0,6845000000.0,498529411.765,669000000.0,1307000000.0
