<?xml version="1.0" encoding="UTF-8"?>
<project xmlns="http://maven.apache.org/POM/4.0.0" xmlns:xsi="http://www.w3.org/2001/XMLSchema-instance" xsi:schemaLocation="http://maven.apache.org/POM/4.0.0 http://maven.apache.org/maven-v4_0_0.xsd">
  <modelVersion>4.0.0</modelVersion>
  <groupId>com.continuuity</groupId>
  <artifactId>TrafficAnalytics</artifactId>
  <name>Reactor App Project</name>
  <version>1.0</version>
  <build>
    <plugins>
      <plugin>
        <artifactId>maven-compiler-plugin</artifactId>
        <version>3.1</version>
        <configuration>
          <source>1.6</source>
          <target>1.6</target>
        </configuration>
      </plugin>
      <plugin>
        <artifactId>maven-source-plugin</artifactId>
        <version>2.2.1</version>
        <executions>
          <execution>
            <id>attach-sources</id>
            <phase>verify</phase>
            <goals>
              <goal>jar-no-fork</goal>
            </goals>
          </execution>
        </executions>
      </plugin>
      <plugin>
        <artifactId>maven-javadoc-plugin</artifactId>
        <version>2.9</version>
        <executions>
          <execution>
            <id>attach-javadoc</id>
            <phase>verify</phase>
            <goals>
              <goal>jar</goal>
            </goals>
          </execution>
        </executions>
        <configuration>
          <links>
            <link>http://download.oracle.com/javase/6/docs/api/</link>
          </links>
          <detectLinks>true</detectLinks>
          <bottom>Copyright 2014 Continuuity, Inc.</bottom>
        </configuration>
      </plugin>
      <plugin>
        <artifactId>maven-release-plugin</artifactId>
        <version>2.4.1</version>
        <configuration>
          <autoVersionSubmodules>true</autoVersionSubmodules>
        </configuration>
      </plugin>
      <plugin>
        <artifactId>maven-site-plugin</artifactId>
        <version>3.2</version>
      </plugin>
      <plugin>
        <artifactId>maven-surefire-plugin</artifactId>
        <version>2.14.1</version>
        <configuration>
          <argLine>-Xmx512m</argLine>
          <redirectTestOutputToFile>${surefire.redirectTestOutputToFile}</redirectTestOutputToFile>
          <systemPropertyVariables>
            <java.io.tmpdir>${project.build.directory}</java.io.tmpdir>
          </systemPropertyVariables>
          <includes>
            <include>**/*TestSuite.java</include>
            <include>**/Test*.java</include>
            <include>**/*Test.java</include>
            <include>**/*TestCase.java</include>
          </includes>
        </configuration>
      </plugin>
      <plugin>
        <artifactId>maven-shade-plugin</artifactId>
        <version>2.1</version>
        <executions>
          <execution>
            <phase>package</phase>
            <goals>
              <goal>shade</goal>
            </goals>
            <configuration>
              <transformers>
                <transformer>
                  <manifestEntries>
                    <Main-Class>${app.main.class}</Main-Class>
                  </manifestEntries>
                </transformer>
              </transformers>
            </configuration>
          </execution>
        </executions>
      </plugin>
      <plugin>
        <artifactId>maven-checkstyle-plugin</artifactId>
        <version>2.10</version>
        <executions>
          <execution>
            <phase>process-sources</phase>
            <goals>
              <goal>checkstyle</goal>
            </goals>
          </execution>
        </executions>
        <configuration>
          <configLocation>checkstyle.xml</configLocation>
          <failsOnError>false</failsOnError>
        </configuration>
      </plugin>
    </plugins>
  </build>
  <repositories>
    <repository>
      <id>public</id>
      <url>https://repository.continuuity.com/content/groups/public</url>
    </repository>
  </repositories>
  <dependencies>
    <dependency>
      <groupId>com.continuuity</groupId>
      <artifactId>continuuity-api</artifactId>
      <version>2.0.0</version>
      <scope>provided</scope>
    </dependency>
    <dependency>
      <groupId>org.slf4j</groupId>
      <artifactId>slf4j-api</artifactId>
      <version>1.7.5</version>
      <scope>provided</scope>
    </dependency>
    <dependency>
      <groupId>com.google.code.gson</groupId>
      <artifactId>gson</artifactId>
      <version>2.2.2</version>
      <scope>provided</scope>
    </dependency>
    <dependency>
      <groupId>com.google.guava</groupId>
      <artifactId>guava</artifactId>
      <version>13.0.1</version>
      <scope>provided</scope>
    </dependency>
    <dependency>
      <groupId>com.google.code.findbugs</groupId>
      <artifactId>jsr305</artifactId>
      <version>2.0.1</version>
      <scope>provided</scope>
    </dependency>
    <dependency>
      <groupId>org.apache.hadoop</groupId>
      <artifactId>hadoop-mapreduce-client-app</artifactId>
      <version>2.0.2-alpha</version>
      <scope>provided</scope>
      <exclusions>
        <exclusion>
          <artifactId>asm</artifactId>
          <groupId>asm</groupId>
        </exclusion>
        <exclusion>
          <artifactId>netty</artifactId>
          <groupId>org.jboss.netty</groupId>
        </exclusion>
        <exclusion>
          <artifactId>netty</artifactId>
          <groupId>io.netty</groupId>
        </exclusion>
        <exclusion>
          <artifactId>hadoop-mapreduce-client-common</artifactId>
          <groupId>org.apache.hadoop</groupId>
        </exclusion>
        <exclusion>
          <artifactId>hadoop-yarn-server-web-proxy</artifactId>
          <groupId>org.apache.hadoop</groupId>
        </exclusion>
        <exclusion>
          <artifactId>hadoop-mapreduce-client-shuffle</artifactId>
          <groupId>org.apache.hadoop</groupId>
        </exclusion>
        <exclusion>
          <artifactId>protobuf-java</artifactId>
          <groupId>com.google.protobuf</groupId>
        </exclusion>
        <exclusion>
          <artifactId>avro</artifactId>
          <groupId>org.apache.avro</groupId>
        </exclusion>
        <exclusion>
          <artifactId>slf4j-log4j12</artifactId>
          <groupId>org.slf4j</groupId>
        </exclusion>
        <exclusion>
          <artifactId>hadoop-annotations</artifactId>
          <groupId>org.apache.hadoop</groupId>
        </exclusion>
        <exclusion>
          <artifactId>guice-servlet</artifactId>
          <groupId>com.google.inject.extensions</groupId>
        </exclusion>
      </exclusions>
    </dependency>
    <dependency>
      <groupId>org.apache.hadoop</groupId>
      <artifactId>hadoop-mapreduce-client-core</artifactId>
      <version>2.0.2-alpha</version>
      <scope>provided</scope>
      <exclusions>
        <exclusion>
          <artifactId>netty</artifactId>
          <groupId>org.jboss.netty</groupId>
        </exclusion>
        <exclusion>
          <artifactId>netty</artifactId>
          <groupId>io.netty</groupId>
        </exclusion>
        <exclusion>
          <artifactId>hadoop-yarn-common</artifactId>
          <groupId>org.apache.hadoop</groupId>
        </exclusion>
        <exclusion>
          <artifactId>protobuf-java</artifactId>
          <groupId>com.google.protobuf</groupId>
        </exclusion>
        <exclusion>
          <artifactId>avro</artifactId>
          <groupId>org.apache.avro</groupId>
        </exclusion>
        <exclusion>
          <artifactId>slf4j-log4j12</artifactId>
          <groupId>org.slf4j</groupId>
        </exclusion>
        <exclusion>
          <artifactId>hadoop-annotations</artifactId>
          <groupId>org.apache.hadoop</groupId>
        </exclusion>
        <exclusion>
          <artifactId>guice-servlet</artifactId>
          <groupId>com.google.inject.extensions</groupId>
        </exclusion>
      </exclusions>
    </dependency>
    <dependency>
      <groupId>org.apache.hadoop</groupId>
      <artifactId>hadoop-common</artifactId>
      <version>2.0.2-alpha</version>
      <scope>provided</scope>
      <exclusions>
        <exclusion>
          <artifactId>netty</artifactId>
          <groupId>io.netty</groupId>
        </exclusion>
        <exclusion>
          <artifactId>jersey-server</artifactId>
          <groupId>com.sun.jersey</groupId>
        </exclusion>
        <exclusion>
          <artifactId>netty</artifactId>
          <groupId>org.jboss.netty</groupId>
        </exclusion>
        <exclusion>
          <artifactId>commons-cli</artifactId>
          <groupId>commons-cli</groupId>
        </exclusion>
        <exclusion>
          <artifactId>commons-math</artifactId>
          <groupId>org.apache.commons</groupId>
        </exclusion>
        <exclusion>
          <artifactId>xmlenc</artifactId>
          <groupId>xmlenc</groupId>
        </exclusion>
        <exclusion>
          <artifactId>commons-httpclient</artifactId>
          <groupId>commons-httpclient</groupId>
        </exclusion>
        <exclusion>
          <artifactId>commons-codec</artifactId>
          <groupId>commons-codec</groupId>
        </exclusion>
        <exclusion>
          <artifactId>commons-io</artifactId>
          <groupId>commons-io</groupId>
        </exclusion>
        <exclusion>
          <artifactId>commons-net</artifactId>
          <groupId>commons-net</groupId>
        </exclusion>
        <exclusion>
          <artifactId>servlet-api</artifactId>
          <groupId>javax.servlet</groupId>
        </exclusion>
        <exclusion>
          <artifactId>jetty</artifactId>
          <groupId>org.mortbay.jetty</groupId>
        </exclusion>
        <exclusion>
          <artifactId>jetty-util</artifactId>
          <groupId>org.mortbay.jetty</groupId>
        </exclusion>
        <exclusion>
          <artifactId>jersey-core</artifactId>
          <groupId>com.sun.jersey</groupId>
        </exclusion>
        <exclusion>
          <artifactId>jersey-json</artifactId>
          <groupId>com.sun.jersey</groupId>
        </exclusion>
        <exclusion>
          <artifactId>jasper-compiler</artifactId>
          <groupId>tomcat</groupId>
        </exclusion>
        <exclusion>
          <artifactId>jasper-runtime</artifactId>
          <groupId>tomcat</groupId>
        </exclusion>
        <exclusion>
          <artifactId>jsp-api</artifactId>
          <groupId>javax.servlet.jsp</groupId>
        </exclusion>
        <exclusion>
          <artifactId>commons-el</artifactId>
          <groupId>commons-el</groupId>
        </exclusion>
        <exclusion>
          <artifactId>commons-logging</artifactId>
          <groupId>commons-logging</groupId>
        </exclusion>
        <exclusion>
          <artifactId>log4j</artifactId>
          <groupId>log4j</groupId>
        </exclusion>
        <exclusion>
          <artifactId>jets3t</artifactId>
          <groupId>net.java.dev.jets3t</groupId>
        </exclusion>
        <exclusion>
          <artifactId>commons-lang</artifactId>
          <groupId>commons-lang</groupId>
        </exclusion>
        <exclusion>
          <artifactId>commons-configuration</artifactId>
          <groupId>commons-configuration</groupId>
        </exclusion>
        <exclusion>
          <artifactId>jackson-core-asl</artifactId>
          <groupId>org.codehaus.jackson</groupId>
        </exclusion>
        <exclusion>
          <artifactId>jackson-mapper-asl</artifactId>
          <groupId>org.codehaus.jackson</groupId>
        </exclusion>
        <exclusion>
          <artifactId>kfs</artifactId>
          <groupId>net.sf.kosmosfs</groupId>
        </exclusion>
        <exclusion>
          <artifactId>hadoop-auth</artifactId>
          <groupId>org.apache.hadoop</groupId>
        </exclusion>
        <exclusion>
          <artifactId>jsch</artifactId>
          <groupId>com.jcraft</groupId>
        </exclusion>
        <exclusion>
          <artifactId>zookeeper</artifactId>
          <groupId>org.apache.zookeeper</groupId>
        </exclusion>
        <exclusion>
          <artifactId>hadoop-annotations</artifactId>
          <groupId>org.apache.hadoop</groupId>
        </exclusion>
        <exclusion>
          <artifactId>slf4j-log4j12</artifactId>
          <groupId>org.slf4j</groupId>
        </exclusion>
        <exclusion>
          <artifactId>avro</artifactId>
          <groupId>org.apache.avro</groupId>
        </exclusion>
        <exclusion>
          <artifactId>protobuf-java</artifactId>
          <groupId>com.google.protobuf</groupId>
        </exclusion>
      </exclusions>
    </dependency>
    <dependency>
      <groupId>com.continuuity</groupId>
      <artifactId>continuuity-test</artifactId>
      <version>2.0.0</version>
      <scope>test</scope>
      <exclusions>
        <exclusion>
          <artifactId>guice-multibindings</artifactId>
          <groupId>com.google.inject.extensions</groupId>
        </exclusion>
        <exclusion>
          <artifactId>app-fabric</artifactId>
          <groupId>com.continuuity</groupId>
        </exclusion>
        <exclusion>
          <artifactId>data-fabric</artifactId>
          <groupId>com.continuuity</groupId>
        </exclusion>
        <exclusion>
          <artifactId>watchdog</artifactId>
          <groupId>com.continuuity</groupId>
        </exclusion>
        <exclusion>
          <artifactId>asm-all</artifactId>
          <groupId>org.ow2.asm</groupId>
        </exclusion>
        <exclusion>
          <artifactId>guice</artifactId>
          <groupId>com.google.inject</groupId>
        </exclusion>
        <exclusion>
          <artifactId>guice-assistedinject</artifactId>
          <groupId>com.google.inject.extensions</groupId>
        </exclusion>
        <exclusion>
          <artifactId>app-fabric</artifactId>
          <groupId>com.continuuity</groupId>
        </exclusion>
      </exclusions>
    </dependency>
    <dependency>
      <groupId>junit</groupId>
      <artifactId>junit</artifactId>
      <version>4.11</version>
      <scope>test</scope>
      <exclusions>
        <exclusion>
          <artifactId>hamcrest-core</artifactId>
          <groupId>org.hamcrest</groupId>
        </exclusion>
      </exclusions>
    </dependency>
  </dependencies>
  <reporting>
    <plugins>
      <plugin>
        <artifactId>maven-checkstyle-plugin</artifactId>
        <version>2.10</version>
        <configuration>
          <configLocation>checkstyle.xml</configLocation>
        </configuration>
      </plugin>
    </plugins>
  </reporting>
  <properties>
    <power.pack.version>[0.9.0,)</power.pack.version>
    <continuuity.reactor.version>2.0.0</continuuity.reactor.version>
    <surefire.redirectTestOutputToFile>true</surefire.redirectTestOutputToFile>
    <app.main.class>com.continuuity.examples.trafficAnalytics.TrafficAnalyticsApp</app.main.class>
    <hadoop.version>2.0.2-alpha</hadoop.version>
    <project.build.sourceEncoding>UTF-8</project.build.sourceEncoding>
  </properties>
</project>

